2026-03-31_17-29-31,0,draft.go:2026-03-31_17-29-31
2026-03-31_17-32-35,0,draft.go:2026-03-31_17-29-31
2026-03-31_17-32-38,0,draft.go:2026-03-31_17-29-31
2026-03-31_17-35-05,0,draft.go:2026-03-31_17-29-31
2026-03-31_17-35-06,0,draft.go:2026-03-31_17-29-31
2026-03-31_17-35-07,0,draft.go:2026-03-31_17-29-31
2026-04-06_05-38-26,---,draft.go:2026-03-31_17-29-31
2026-04-06_05-38-36,0,draft.go:2026-03-31_17-29-31
2026-04-06_05-38-37,0,draft.go:2026-03-31_17-29-31
2026-04-06_05-38-45,0,draft.go:2026-03-31_17-29-31
2026-04-06_05-38-53,---,draft.go:2026-04-06_05-38-53
2026-04-06_05-39-32,0,draft.go:2026-04-06_05-38-53
2026-04-07_18-07-48,0,draft.go:2026-04-06_05-38-53;draft.go:2026-04-07_18-07-48
2026-04-07_18-13-26,0,draft.go:2026-04-07_18-13-26;draft.go:2026-04-07_18-13-26
2026-05-11_01-53-20,0,vetores.go:2026-05-11_01-53-20
2026-05-11_02-13-37,0,vetores.go:2026-05-11_02-13-37
2026-05-11_02-16-19,0,vetores.go:2026-05-11_02-16-19
2026-05-11_02-17-04,0,vetores.go:2026-05-11_02-16-19
2026-05-11_02-17-05,0,vetores.go:2026-05-11_02-16-19
2026-05-11_02-19-24,0,vetores.go:2026-05-11_02-16-19
2026-05-11_02-24-06,0,vetores.go:2026-05-11_02-24-06
2026-05-11_02-25-42,0,vetores.go:2026-05-11_02-25-42
2026-06-26_22-59-45,0,vetores.go:2026-06-26_22-59-45
2026-06-26_23-01-52,100,vetores.go:2026-06-26_23-01-52
