2026-03-10_18-12-59,0,draft.go:2026-03-10_18-12-59
2026-03-10_18-18-19,0,draft.go:2026-03-10_18-18-19
2026-03-10_18-18-31,0,draft.go:2026-03-10_18-18-19
2026-03-10_18-18-49,0,draft.go:2026-03-10_18-18-19
2026-03-10_18-18-49,0,draft.go:2026-03-10_18-18-19
2026-03-10_18-18-53,---,draft.go:2026-03-10_18-18-19
2026-03-23_19-33-39,0,draft.go:2026-03-23_19-33-39
2026-03-23_19-33-39,0,draft.go:2026-03-23_19-33-39
2026-03-23_19-34-06,0,draft.go:2026-03-23_19-34-06
2026-03-23_19-42-28,100,draft.go:2026-03-23_19-42-28
2026-03-23_19-42-57,100,draft.go:2026-03-23_19-42-28
2026-03-23_19-42-58,100,draft.go:2026-03-23_19-42-28
2026-03-23_19-43-00,100,draft.go:2026-03-23_19-42-28
2026-03-23_19-43-05,---,draft.go:2026-03-23_19-42-28
2026-03-23_19-43-23,100,draft.go:2026-03-23_19-42-28
2026-03-23_19-43-24,100,draft.go:2026-03-23_19-42-28
2026-03-23_19-43-29,100,draft.go:2026-03-23_19-42-28
2026-04-07_17-09-05,100,draft.go:2026-03-23_19-42-28
2026-04-07_17-09-12,---,draft.go:2026-03-23_19-42-28
2026-04-07_17-09-43,100,draft.go:2026-03-23_19-42-28
2026-04-07_17-09-45,100,draft.go:2026-03-23_19-42-28
2026-04-07_17-18-04,100,draft.go:2026-03-23_19-42-28
