2026-03-30_18-06-56,0,draft.go:2026-03-30_18-06-56
2026-03-30_18-06-57,0,draft.go:2026-03-30_18-06-56
2026-03-31_17-07-55,0,draft.go:2026-03-30_18-06-56
2026-03-31_17-15-19,0,draft.go:2026-03-31_17-15-19
2026-03-31_17-26-51,0,draft.go:2026-03-31_17-26-51
2026-03-31_17-26-54,0,draft.go:2026-03-31_17-26-51
2026-03-31_17-26-56,0,draft.go:2026-03-31_17-26-51
2026-04-05_18-47-48,100,draft.go:2026-04-05_18-47-48
2026-04-05_18-49-46,---,draft.go:2026-04-05_18-49-46
2026-04-05_18-50-30,100,draft.go:2026-04-05_18-49-46
2026-04-05_18-50-31,100,draft.go:2026-04-05_18-49-46
2026-04-05_18-50-32,100,draft.go:2026-04-05_18-49-46
2026-04-05_18-50-35,100,draft.go:2026-04-05_18-49-46
2026-04-05_18-50-35,100,draft.go:2026-04-05_18-49-46
2026-04-05_18-50-36,100,draft.go:2026-04-05_18-49-46
2026-04-05_18-50-36,100,draft.go:2026-04-05_18-49-46
2026-04-05_18-50-40,100,draft.go:2026-04-05_18-49-46
2026-04-05_18-50-41,100,draft.go:2026-04-05_18-49-46
2026-04-05_18-50-42,100,draft.go:2026-04-05_18-49-46
2026-04-05_18-50-42,100,draft.go:2026-04-05_18-49-46
2026-04-05_18-50-42,100,draft.go:2026-04-05_18-49-46
2026-04-05_18-50-43,100,draft.go:2026-04-05_18-49-46
2026-04-05_18-50-43,100,draft.go:2026-04-05_18-49-46
