2026-03-10_18-04-56,0,draft.go:2026-03-10_18-04-56
2026-03-10_18-09-03,0,draft.go:2026-03-10_18-09-03
2026-03-10_18-09-19,0,draft.go:2026-03-10_18-09-03
2026-03-10_18-09-19,0,draft.go:2026-03-10_18-09-03
2026-03-10_18-10-58,0,draft.go:2026-03-10_18-10-58
2026-03-12_03-25-43,0,draft.go:2026-03-10_18-10-58
2026-03-12_03-25-43,---,draft.go:2026-03-10_18-10-58
2026-03-13_01-29-38,0,draft.go:2026-03-10_18-10-58
2026-03-16_15-21-40,0,draft.go:2026-03-10_18-10-58
2026-03-16_15-21-41,0,draft.go:2026-03-10_18-10-58
2026-03-16_15-23-40,---,draft.go:2026-03-10_18-10-58
2026-03-16_15-24-53,0,draft.go:2026-03-10_18-10-58
2026-03-16_15-25-59,0,draft.go:2026-03-10_18-10-58
2026-03-16_15-29-08,0,draft.go:2026-03-10_18-10-58
2026-03-16_15-29-10,0,draft.go:2026-03-10_18-10-58
2026-03-16_15-29-11,0,draft.go:2026-03-10_18-10-58
2026-03-16_15-29-11,0,draft.go:2026-03-10_18-10-58
2026-03-16_15-29-13,---,draft.go:2026-03-10_18-10-58
2026-03-16_15-30-31,0,draft.go:2026-03-10_18-10-58
2026-03-16_15-30-31,0,draft.go:2026-03-10_18-10-58
2026-03-16_15-30-34,---,draft.go:2026-03-10_18-10-58
2026-03-16_15-31-43,0,draft.go:2026-03-10_18-10-58
2026-03-16_15-34-30,0,draft.go:2026-03-10_18-10-58
2026-03-16_15-34-46,0,draft.go:2026-03-10_18-10-58
2026-03-16_15-34-48,0,draft.go:2026-03-10_18-10-58
2026-03-16_15-34-49,0,draft.go:2026-03-10_18-10-58
2026-03-16_15-34-49,0,draft.go:2026-03-10_18-10-58
2026-03-16_17-53-37,0,draft.go:2026-03-16_17-53-37
2026-03-16_17-53-57,0,draft.go:2026-03-16_17-53-57
2026-03-16_17-55-03,0,draft.go:2026-03-16_17-53-57
2026-03-16_18-07-59,0,draft.go:2026-03-16_18-07-59
2026-03-16_18-10-39,0,draft.go:2026-03-16_18-07-59
2026-03-16_18-10-46,0,draft.go:2026-03-16_18-07-59
2026-03-16_18-15-03,0,draft.go:2026-03-16_18-15-03
2026-03-16_18-16-08,0,draft.go:2026-03-16_18-15-03
2026-03-16_18-16-25,0,draft.go:2026-03-16_18-15-03
2026-03-16_18-16-26,0,draft.go:2026-03-16_18-15-03
2026-03-16_18-16-27,0,draft.go:2026-03-16_18-15-03
2026-03-16_18-16-28,0,draft.go:2026-03-16_18-15-03
2026-03-16_18-17-46,0,draft.go:2026-03-16_18-15-03
2026-03-16_18-17-49,---,draft.go:2026-03-16_18-15-03
2026-03-17_14-25-34,0,draft.go:2026-03-16_18-15-03
2026-03-17_14-25-42,---,draft.go:2026-03-16_18-15-03
2026-03-17_14-28-40,0,draft.go:2026-03-17_14-28-40
2026-03-17_14-28-41,0,draft.go:2026-03-17_14-28-40
2026-03-17_14-28-46,---,draft.go:2026-03-17_14-28-40
2026-03-17_14-30-12,100,draft.go:2026-03-17_14-30-12
2026-03-17_14-30-26,100,draft.go:2026-03-17_14-30-12
2026-03-17_14-30-28,100,draft.go:2026-03-17_14-30-12
2026-03-17_14-30-33,100,draft.go:2026-03-17_14-30-12
2026-03-17_14-30-34,100,draft.go:2026-03-17_14-30-12
2026-03-17_14-30-34,100,draft.go:2026-03-17_14-30-12
2026-03-17_14-31-27,---,draft.go:2026-03-17_14-30-12
2026-03-23_19-45-40,100,draft.go:2026-03-17_14-30-12
2026-03-23_19-45-47,100,draft.go:2026-03-17_14-30-12
2026-04-05_18-34-39,100,draft.go:2026-03-17_14-30-12
